{"cameraMode":{"drawMode":0,"name":"Shaded","section":"Shading Mode"},"sceneLighting":false,"audioPlay":false,"sceneViewState":{"m_AlwaysRefresh":false,"showFog":true,"showSkybox":false,"showFlares":true,"showImageEffects":true,"showParticleSystems":true,"showVisualEffectGraphs":true,"m_FxEnabled":true},"in2DMode":false,"pivot":{"x":-4.470348358154297e-8,"y":1.0520319938659669,"z":0.020945698022842408},"rotation":{"x":-0.03574666753411293,"y":-0.11665796488523483,"z":-0.004201597534120083,"w":0.9925224781036377},"size":1.1272765398025513,"orthographic":true}