{"cameraMode":{"drawMode":0,"name":"Shaded","section":"Shading Mode"},"sceneLighting":false,"audioPlay":false,"sceneViewState":{"m_AlwaysRefresh":false,"showFog":true,"showSkybox":false,"showFlares":true,"showImageEffects":true,"showParticleSystems":true,"showVisualEffectGraphs":true,"m_FxEnabled":true},"in2DMode":false,"pivot":{"x":-0.6924195289611816,"y":1.168358325958252,"z":-0.15223383903503419},"rotation":{"x":-0.06197473779320717,"y":-0.1757279336452484,"z":-0.011085521429777146,"w":0.982422947883606},"size":1.9292333126068116,"orthographic":false}